decade_id,Decade,danceability,energy,loudness,speechiness,acousticness,instrumentalness,liveness,valence,tempo,source_file_path,song_regex,document_length
0,2000s,0.5936428571428572,0.7608809523809523,-5.696055555555556,0.06788809523809525,0.09819938095238095,0.03785738071428572,0.18249285714285715,0.5375055555555556,124.99435714285715,data/decades/2000s.txt,\[Trackname:\s[^\]]+\]\s\[Artist:\s[^\]]+\],216931
1,2010s,0.6340083333333334,0.6732,-6.217608333333333,0.064475,0.16680546666666668,0.022972042916666664,0.17783583333333333,0.46107750000000003,118.88968333333334,data/decades/2010s.txt,\[Trackname:\s[^\]]+\]\s\[Artist:\s[^\]]+\],195291
2,2020s,0.6755172413793104,0.619594827586207,-6.329922413793103,0.07999655172413793,0.2849095689655172,0.009679647068965517,0.18341810344827586,0.5420362068965517,122.16781034482759,data/decades/2020s.txt,\[Trackname:\s[^\]]+\]\s\[Artist:\s[^\]]+\],212348
3,70s,0.5719662921348315,0.6119775280898877,-10.020067415730336,0.05306853932584269,0.3108640449438202,0.032363088539325846,0.17103370786516853,0.6322696629213483,122.57647191011236,data/decades/70s.txt,\[Trackname:\s[^\]]+\]\s\[Artist:\s[^\]]+\],127933
4,80s,0.6181612903225807,0.6811505376344086,-9.199698924731182,0.04865161290322581,0.17732005376344084,0.023870816451612903,0.15534193548387096,0.6643870967741935,119.18878494623657,data/decades/80s.txt,\[Trackname:\s[^\]]+\]\s\[Artist:\s[^\]]+\],151152
5,90s,0.5726944444444444,0.718212962962963,-7.624592592592593,0.048654629629629624,0.11094101851851851,0.06028576537037037,0.17564537037037037,0.5853435185185185,115.38573148148147,data/decades/90s.txt,\[Trackname:\s[^\]]+\]\s\[Artist:\s[^\]]+\],174393
